id,article_name
1,Laptop
2,Smartphone
3,Wireless Mouse
4,Mechanical Keyboard
5,USB-C Charger
6,Bluetooth Headphones
7,4K Monitor
8,Portable SSD
9,Webcam
10,Office Chair
11,Standing Desk
12,LED Desk Lamp
13,Water Bottle
14,Backpack
15,Notebook
16,Ballpoint Pen
17,Coffee Mug
18,HDMI Cable
19,Graphics Tablet
20,Smartwatch
21,External Hard Drive
22,Gaming Controller
23,Fitness Tracker
24,Electric Kettle
25,Toaster
26,Blender
27,Microwave Oven
28,Air Fryer
29,Vacuum Cleaner
30,Hair Dryer
31,Electric Toothbrush
32,Shampoo
33,Body Wash
34,Sunscreen
35,Sneakers
36,Running Shoes
37,T-Shirt
38,Jeans
39,Jacket
40,Bluetooth Speaker
41,Power Bank
42,Wireless Router
43,TV Remote
44,Tripod
45,Camera Lens
46,DSLR Camera
47,Action Camera
48,Smart Light Bulb
49,Robot Vacuum
50,Dish Soap
51,Laundry Detergent
52,Fabric Softener
53,Paper Towels
54,Kitchen Knife
55,Cutting Board
56,Frying Pan
57,Cooking Pot
58,Oven Mitts
59,Water Filter
60,Hand Sanitizer
61,Face Mask
62,Printer Paper
63,Ink Cartridge
64,Stapler
65,Scissors
66,Calculator
67,Whiteboard Markers
68,Glue Stick
69,Ruler
70,Sketchbook
71,Paint Brushes
72,Acrylic Paint Set
73,Canvas Board
74,Screwdriver Set
75,Hammer
76,Wrench
77,Measuring Tape
78,Drill Machine
79,Nails Pack
80,Dog Food
81,Cat Food
82,Pet Shampoo
83,Bird Cage
84,Fish Tank
85,Soccer Ball
86,Basketball
87,Tennis Racket
88,Yoga Mat
89,Dumbbells
90,Bicycle Helmet
91,Sunglasses
92,Wallet
93,Wristwatch
94,Keychain
95,Laptop
96,Smartphone
97,Wireless Mouse
98,Mechanical Keyboard
99,USB-C Charger
100,Bluetooth Headphones
101,4K Monitor
102,Portable SSD
103,Webcam
104,Office Chair
105,Standing Desk
106,LED Desk Lamp
107,Water Bottle
108,Backpack
109,Notebook
110,Ballpoint Pen
111,Coffee Mug
112,HDMI Cable
113,Graphics Tablet
114,Smartwatch
115,External Hard Drive
116,Gaming Controller
117,Fitness Tracker
118,Electric Kettle
119,Toaster
120,Blender
121,Microwave Oven
122,Air Fryer
123,Vacuum Cleaner
124,Hair Dryer
125,Electric Toothbrush
126,Shampoo
127,Body Wash
128,Sunscreen
129,Sneakers
130,Running Shoes
131,T-Shirt
132,Jeans
133,Jacket
134,Bluetooth Speaker
135,Power Bank
136,Wireless Router
137,TV Remote
138,Tripod
139,Camera Lens
140,DSLR Camera
141,Action Camera
142,Smart Light Bulb
143,Robot Vacuum
144,Dish Soap
145,Laundry Detergent
146,Fabric Softener
147,Paper Towels
148,Kitchen Knife
149,Cutting Board
150,Frying Pan
151,Cooking Pot
152,Oven Mitts
153,Water Filter
154,Hand Sanitizer
155,Face Mask
156,Printer Paper
157,Ink Cartridge
158,Stapler
159,Scissors
160,Calculator
161,Whiteboard Markers
162,Glue Stick
163,Ruler
164,Sketchbook
165,Paint Brushes
166,Acrylic Paint Set
167,Canvas Board
168,Screwdriver Set
169,Hammer
170,Wrench
171,Measuring Tape
172,Drill Machine
173,Nails Pack
174,Dog Food
175,Cat Food
176,Pet Shampoo
177,Bird Cage
178,Fish Tank
179,Soccer Ball
180,Basketball
181,Tennis Racket
182,Yoga Mat
183,Dumbbells
184,Bicycle Helmet
185,Sunglasses
186,Wallet
187,Wristwatch
188,Keychain
189,Laptop
190,Smartphone
191,Wireless Mouse
192,Mechanical Keyboard
193,USB-C Charger
194,Bluetooth Headphones
195,4K Monitor
196,Portable SSD
197,Webcam
198,Office Chair
199,Standing Desk
200,LED Desk Lamp
